Model,Accuracy,Precision,Recall,F1
Logistic Regression (Lasso),0.5619765494137353,0.5759627592044012,0.7059128630705395,0.6343509671405266
SVM (Linear),0.5683975432719152,0.5778321108394459,0.7354771784232366,0.6471930625285258
SVM (RBF),0.5915689558905639,0.6057298772169167,0.6908713692946058,0.6455052095953476
Random Forest,0.6217197096594081,0.6400977995110024,0.678941908713693,0.658947898313617
Random Forest (Grid Search: Entropy),0.6306532663316583,0.6452232357177148,0.6970954356846473,0.6701570680628273
Random Forest (Grid Search: Gini),0.628140703517588,0.6453658536585366,0.6862033195020747,0.6651583710407241
